{
    "site": "ProstDev",
    "contributors": [
        {
            "active": true,
            "id": 123,
            "name": {
                "firstName": "Alexandra",
                "lastName": "Martinez"
            },
            "posts": [
                {
                    "name": "blogpost1",
                    "duration": 3,
                    "comments": [
                        {
                            "name": "Jane Doe",
                            "text": "Good Job, Alex!"
                        }
                    ]
                },
                {
                    "name": "blogpost2",
                    "duration": 5
                },
                {
                    "name": "blogpost3",
                    "duration": 2,
                    "comments": [
                        {
                            "name": "Pravallika",
                            "text": "Good Job, Alex!"
                        }
                    ]
                }
            ]
        },
        {
            "active": true,
            "id": 456,
            "name": {
                "firstName": "Pravallika",
                "lastName": "Nagaraja"
            },
            "posts": [
                {
                    "name": "blogpost4",
                    "duration": 2
                },
                {
                    "name": "blogpost5",
                    "duration": 3,
                    "comments": [
                        {
                            "name": "Jane Doe",
                            "text": "Good Job, Pravallika!"
                        }
                    ]
                },
                {
                    "name": "blogpost6",
                    "duration": 7,
                    "comments": [
                        {
                            "name": "Alex",
                            "text": "Good Job, Pravallika!"
                        }
                    ]
                }
            ]
        },
        {
            "active": false,
            "id": 789,
            "name": {
                "firstName": "Jane",
                "lastName": "Doe"
            },
            "posts": [
                {
                    "name": "blogpost7",
                    "duration": 3,
                    "comments": [
                        {
                            "name": "Alex",
                            "text": "Good Job, Jane!"
                        }
                    ]
                }
            ]
        }
    ]
}